<?xml version="1.0" encoding="UTF-8"?>
<GenRun Id="impl_1" LaunchPart="xc7z020clg484-1" LaunchTime="1642360331">
  <File Type="BITSTR-BMM" Name="Hall_bd.bmm"/>
  <File Type="OPT-METHODOLOGY-DRC" Name="Hall_methodology_drc_opted.rpt"/>
  <File Type="INIT-TIMING" Name="Hall_timing_summary_init.rpt"/>
  <File Type="ROUTE-PWR" Name="Hall_power_routed.rpt"/>
  <File Type="PA-TCL" Name="Hall.tcl"/>
  <File Type="OPT-TIMING" Name="Hall_timing_summary_opted.rpt"/>
  <File Type="OPT-DCP" Name="Hall_opt.dcp"/>
  <File Type="ROUTE-PWR-SUM" Name="Hall_power_summary_routed.pb"/>
  <File Type="REPORTS-TCL" Name="Hall_reports.tcl"/>
  <File Type="OPT-DRC" Name="Hall_drc_opted.rpt"/>
  <File Type="OPT-HWDEF" Name="Hall.hwdef"/>
  <File Type="PWROPT-DCP" Name="Hall_pwropt.dcp"/>
  <File Type="PWROPT-DRC" Name="Hall_drc_pwropted.rpt"/>
  <File Type="PWROPT-TIMING" Name="Hall_timing_summary_pwropted.rpt"/>
  <File Type="PLACE-DCP" Name="Hall_placed.dcp"/>
  <File Type="PLACE-IO" Name="Hall_io_placed.rpt"/>
  <File Type="PLACE-CLK" Name="Hall_clock_utilization_placed.rpt"/>
  <File Type="PLACE-UTIL" Name="Hall_utilization_placed.rpt"/>
  <File Type="PLACE-UTIL-PB" Name="Hall_utilization_placed.pb"/>
  <File Type="PLACE-CTRL" Name="Hall_control_sets_placed.rpt"/>
  <File Type="PLACE-SIMILARITY" Name="Hall_incremental_reuse_placed.rpt"/>
  <File Type="PLACE-PRE-SIMILARITY" Name="Hall_incremental_reuse_pre_placed.rpt"/>
  <File Type="PLACE-TIMING" Name="Hall_timing_summary_placed.rpt"/>
  <File Type="POSTPLACE-PWROPT-DCP" Name="Hall_postplace_pwropt.dcp"/>
  <File Type="BG-BIN" Name="Hall.bin"/>
  <File Type="POSTPLACE-PWROPT-TIMING" Name="Hall_timing_summary_postplace_pwropted.rpt"/>
  <File Type="PHYSOPT-DCP" Name="Hall_physopt.dcp"/>
  <File Type="PHYSOPT-DRC" Name="Hall_drc_physopted.rpt"/>
  <File Type="BITSTR-MSK" Name="Hall.msk"/>
  <File Type="PHYSOPT-TIMING" Name="Hall_timing_summary_physopted.rpt"/>
  <File Type="ROUTE-ERROR-DCP" Name="Hall_routed_error.dcp"/>
  <File Type="ROUTE-DCP" Name="Hall_routed.dcp"/>
  <File Type="ROUTE-BLACKBOX-DCP" Name="Hall_routed_bb.dcp"/>
  <File Type="ROUTE-DRC" Name="Hall_drc_routed.rpt"/>
  <File Type="ROUTE-DRC-PB" Name="Hall_drc_routed.pb"/>
  <File Type="ROUTE-DRC-RPX" Name="Hall_drc_routed.rpx"/>
  <File Type="BITSTR-MMI" Name="Hall.mmi"/>
  <File Type="ROUTE-METHODOLOGY-DRC" Name="Hall_methodology_drc_routed.rpt"/>
  <File Type="ROUTE-METHODOLOGY-DRC-RPX" Name="Hall_methodology_drc_routed.rpx"/>
  <File Type="ROUTE-METHODOLOGY-DRC-PB" Name="Hall_methodology_drc_routed.pb"/>
  <File Type="ROUTE-PWR-RPX" Name="Hall_power_routed.rpx"/>
  <File Type="ROUTE-STATUS" Name="Hall_route_status.rpt"/>
  <File Type="ROUTE-STATUS-PB" Name="Hall_route_status.pb"/>
  <File Type="ROUTE-TIMINGSUMMARY" Name="Hall_timing_summary_routed.rpt"/>
  <File Type="ROUTE-TIMING-PB" Name="Hall_timing_summary_routed.pb"/>
  <File Type="ROUTE-TIMING-RPX" Name="Hall_timing_summary_routed.rpx"/>
  <File Type="ROUTE-SIMILARITY" Name="Hall_incremental_reuse_routed.rpt"/>
  <File Type="ROUTE-CLK" Name="Hall_clock_utilization_routed.rpt"/>
  <File Type="ROUTE-BUS-SKEW" Name="Hall_bus_skew_routed.rpt"/>
  <File Type="ROUTE-BUS-SKEW-PB" Name="Hall_bus_skew_routed.pb"/>
  <File Type="ROUTE-BUS-SKEW-RPX" Name="Hall_bus_skew_routed.rpx"/>
  <File Type="POSTROUTE-PHYSOPT-DCP" Name="Hall_postroute_physopt.dcp"/>
  <File Type="POSTROUTE-PHYSOPT-BLACKBOX-DCP" Name="Hall_postroute_physopt_bb.dcp"/>
  <File Type="POSTROUTE-PHYSOPT-TIMING" Name="Hall_timing_summary_postroute_physopted.rpt"/>
  <File Type="POSTROUTE-PHYSOPT-TIMING-PB" Name="Hall_timing_summary_postroute_physopted.pb"/>
  <File Type="POSTROUTE-PHYSOPT-TIMING-RPX" Name="Hall_timing_summary_postroute_physopted.rpx"/>
  <File Type="POSTROUTE-PHYSOPT-BUS-SKEW" Name="Hall_bus_skew_postroute_physopted.rpt"/>
  <File Type="POSTROUTE-PHYSOPT-BUS-SKEW-PB" Name="Hall_bus_skew_postroute_physopted.pb"/>
  <File Type="BG-BIT" Name="Hall.bit"/>
  <File Type="POSTROUTE-PHYSOPT-BUS-SKEW-RPX" Name="Hall_bus_skew_postroute_physopted.rpx"/>
  <File Type="BITSTR-RBT" Name="Hall.rbt"/>
  <File Type="BITSTR-NKY" Name="Hall.nky"/>
  <File Type="PDI-FILE" Name="Hall.pdi"/>
  <File Type="RCFI_FILE" Name="Hall.rcfi"/>
  <File Type="CFI_FILE" Name="Hall.cfi"/>
  <File Type="RNPI_FILE" Name="Hall.rnpi"/>
  <File Type="NPI_FILE" Name="Hall.npi"/>
  <File Type="RBD_FILE" Name="Hall.rbd"/>
  <File Type="BITSTR-LTX" Name="debug_nets.ltx"/>
  <File Type="BITSTR-LTX" Name="Hall.ltx"/>
  <File Type="BITSTR-SYSDEF" Name="Hall.sysdef"/>
  <File Type="BG-BGN" Name="Hall.bgn"/>
  <File Type="BG-DRC" Name="Hall.drc"/>
  <File Type="RDI-RDI" Name="Hall.vdi"/>
  <File Type="WBT-USG" Name="usage_statistics_webtalk.html"/>
  <FileSet Name="sources" Type="DesignSrcs" RelSrcDir="$PSRCDIR/sources_1" RelGenDir="$PGENDIR/sources_1">
    <Filter Type="Srcs"/>
    <File Path="$PSRCDIR/sources_1/new/Hall.vhd">
      <FileInfo>
        <Attr Name="UsedIn" Val="synthesis"/>
        <Attr Name="UsedIn" Val="simulation"/>
      </FileInfo>
    </File>
    <Config>
      <Option Name="DesignMode" Val="RTL"/>
      <Option Name="TopModule" Val="Hall"/>
      <Option Name="TopAutoSet" Val="TRUE"/>
    </Config>
  </FileSet>
  <FileSet Name="constrs_in" Type="Constrs" RelSrcDir="$PSRCDIR/constrs_1">
    <Filter Type="Constrs"/>
    <File Path="$PSRCDIR/constrs_1/new/Hall_port.xdc">
      <FileInfo>
        <Attr Name="UsedIn" Val="synthesis"/>
        <Attr Name="UsedIn" Val="implementation"/>
      </FileInfo>
    </File>
    <Config>
      <Option Name="TargetConstrsFile" Val="$PSRCDIR/constrs_1/new/Hall_port.xdc"/>
      <Option Name="ConstrsType" Val="XDC"/>
    </Config>
  </FileSet>
  <FileSet Name="utils" Type="Utils" RelSrcDir="$PSRCDIR/utils_1">
    <Filter Type="Utils"/>
    <Config>
      <Option Name="TopAutoSet" Val="TRUE"/>
    </Config>
  </FileSet>
  <Strategy Version="1" Minor="2">
    <StratHandle Name="Vivado Implementation Defaults" Flow="Vivado Implementation 2020">
      <Desc>Default settings for Implementation.</Desc>
    </StratHandle>
    <Step Id="init_design"/>
    <Step Id="opt_design"/>
    <Step Id="power_opt_design"/>
    <Step Id="place_design"/>
    <Step Id="post_place_power_opt_design"/>
    <Step Id="phys_opt_design"/>
    <Step Id="route_design"/>
    <Step Id="post_route_phys_opt_design"/>
    <Step Id="write_bitstream"/>
  </Strategy>
</GenRun>
